{"means": [5.7891666666666675, 3.05, 3.728333333333333, 1.1875], "vars": [0.6397993055555556, 0.18833333333333332, 2.945030555555556, 0.5517604166666668]}